email_text,category
We apologize for the inconvenience caused. Please find the solution attached. ASAP note schedule important ASAP,Customer
Your password has been reset successfully. ASAP review note note update,IT Support
Please review the project plan and provide updates. note important Please ASAP update,Internal
Newsletter draft is ready for approval. update schedule schedule review ASAP,Marketing
Please review the budget allocation for Q4 and provide feedback. Please note update important schedule,Finance
We apologize for the inconvenience caused. Please find the solution attached. schedule ASAP ASAP note Please,Customer
Please review the marketing strategy for Q4. ASAP update update note review,Marketing
Newsletter draft is ready for approval. review ASAP update important note,Marketing
Please review the project plan and provide updates. ASAP review ASAP schedule ASAP,Internal
Please submit your leave application by the end of the week. schedule update review important update,HR
The monthly expense report is due for submission. ASAP review review important note,Finance
Team meeting scheduled for Friday at 10 AM. review update note update schedule,Internal
Please review the marketing strategy for Q4. note ASAP review important note,Marketing
Company strategy updates will be shared tomorrow. important note Please schedule Please,Management
Scheduled server maintenance tonight from 12 AM to 2 AM. ASAP ASAP note ASAP Please,IT Support
Please update your software to the latest version. Please Please update schedule schedule,IT Support
The server maintenance will occur tonight from 11 PM to 2 AM. ASAP review review note ASAP,Internal
Scheduled server maintenance tonight from 12 AM to 2 AM. update important schedule important note,IT Support
Executive meeting scheduled for Thursday at 3 PM. ASAP update ASAP update review,Management
Please update your software to the latest version. important important update important important,IT Support
Newsletter draft is ready for approval. note review ASAP important ASAP,Marketing
Thank you for reaching out. We have received your query. important schedule update note update,Customer
Scheduled server maintenance tonight from 12 AM to 2 AM. schedule review Please review review,IT Support
Please review the project plan and provide updates. note important important important important,Internal
Your password has been reset successfully. update review Please schedule note,IT Support
Please update your software to the latest version. update note ASAP ASAP schedule,IT Support
Please approve the project budget by end of day. ASAP note schedule update note,Management
Newsletter draft is ready for approval. update important update important Please,Marketing
Please approve the project budget by end of day. important Please schedule important Please,Management
Newsletter draft is ready for approval. important note important ASAP important,Marketing
Please approve the project budget by end of day. schedule ASAP update ASAP important,Management
Scheduled server maintenance tonight from 12 AM to 2 AM. note review ASAP review important,IT Support
Please review the updated compliance guidelines. note important important note note,Legal
Company strategy updates will be shared tomorrow. Please note review Please important,Management
Please review the project plan and provide updates. schedule schedule Please note important,Internal
Please approve the project budget by end of day. important Please ASAP Please update,Management
Company strategy updates will be shared tomorrow. important schedule review review ASAP,Management
Please review the budget allocation for Q4 and provide feedback. ASAP Please schedule schedule note,Finance
Your password has been reset successfully. review important note ASAP review,IT Support
Please review the project plan and provide updates. update Please schedule important Please,Internal
Please review the project plan and provide updates. note update review note schedule,Internal
New social media campaign starts next Monday. schedule schedule note schedule schedule,Marketing
Contract renewal is due next week. Please ASAP important ASAP schedule,Legal
The monthly expense report is due for submission. update note review schedule review,Finance
Please update your software to the latest version. note schedule review note important,IT Support
Please review the project plan and provide updates. ASAP review important important ASAP,Internal
Please review the marketing strategy for Q4. note update note Please schedule,Marketing
Contract renewal is due next week. Please important Please Please review,Legal
Your order has been shipped and will arrive in 3-5 days. note schedule important update ASAP,Customer
New privacy policy has been published. review important update schedule schedule,Legal
Please review the project plan and provide updates. Please ASAP update note note,Internal
HR will conduct a training session on workplace ethics next Monday. Please note update important ASAP,HR
Your password has been reset successfully. important schedule important Please Please,IT Support
Thank you for reaching out. We have received your query. review note Please Please schedule,Customer
Your order has been shipped and will arrive in 3-5 days. schedule Please update important important,Customer
The monthly expense report is due for submission. schedule update update Please Please,Finance
Please review the budget allocation for Q4 and provide feedback. important note schedule ASAP important,Finance
Thank you for reaching out. We have received your query. important Please note review Please,Customer
Your reimbursement request has been approved. review update schedule review Please,Finance
Reminder: Performance review forms are due tomorrow. ASAP ASAP update important important,HR
New privacy policy has been published. note ASAP schedule review ASAP,Legal
Thank you for reaching out. We have received your query. Please important review update note,Customer
Thank you for reaching out. We have received your query. important review schedule review review,Customer
Your password has been reset successfully. Please review note ASAP update,IT Support
Your password has been reset successfully. note schedule note update review,IT Support
Please review the updated compliance guidelines. Please schedule important important ASAP,Legal
Executive meeting scheduled for Thursday at 3 PM. important important update ASAP schedule,Management
Contract renewal is due next week. ASAP Please review review review,Legal
Reminder: Performance review forms are due tomorrow. schedule schedule Please review note,HR
Please approve the project budget by end of day. important Please update schedule review,Management
The server maintenance will occur tonight from 11 PM to 2 AM. important ASAP review ASAP update,Internal
New privacy policy has been published. important Please schedule ASAP important,Legal
Please approve the project budget by end of day. note note note update important,Management
Please review the budget allocation for Q4 and provide feedback. review review schedule schedule note,Finance
Newsletter draft is ready for approval. review note ASAP ASAP schedule,Marketing
Please review the project plan and provide updates. review note update important Please,Internal
Please update your software to the latest version. Please ASAP schedule Please Please,IT Support
Your order has been shipped and will arrive in 3-5 days. Please important schedule ASAP note,Customer
HR will conduct a training session on workplace ethics next Monday. schedule note update schedule ASAP,HR
Please review the budget allocation for Q4 and provide feedback. review schedule update schedule schedule,Finance
The server maintenance will occur tonight from 11 PM to 2 AM. note ASAP important ASAP update,Internal
We apologize for the inconvenience caused. Please find the solution attached. note update Please ASAP important,Customer
Scheduled server maintenance tonight from 12 AM to 2 AM. important schedule Please Please important,IT Support
Please submit your leave application by the end of the week. review update Please important note,HR
The monthly expense report is due for submission. Please schedule Please important review,Finance
Team meeting scheduled for Friday at 10 AM. important ASAP update Please note,Internal
Reminder: Performance review forms are due tomorrow. schedule ASAP update schedule schedule,HR
Scheduled server maintenance tonight from 12 AM to 2 AM. schedule Please update Please schedule,IT Support
Please review the project plan and provide updates. Please schedule ASAP important review,Internal
Please approve the project budget by end of day. note review important Please update,Management
Please review the marketing strategy for Q4. note important update Please review,Marketing
Please review the marketing strategy for Q4. ASAP review note important Please,Marketing
Your reimbursement request has been approved. important ASAP ASAP Please note,Finance
Your order has been shipped and will arrive in 3-5 days. ASAP ASAP update schedule update,Customer
Contract renewal is due next week. note Please review note ASAP,Legal
Contract renewal is due next week. note important note Please schedule,Legal
New privacy policy has been published. review important Please important important,Legal
Please review the budget allocation for Q4 and provide feedback. review important note review review,Finance
HR will conduct a training session on workplace ethics next Monday. schedule schedule schedule ASAP important,HR
Newsletter draft is ready for approval. review ASAP schedule Please note,Marketing
Reminder: Performance review forms are due tomorrow. schedule review ASAP note ASAP,HR
Thank you for reaching out. We have received your query. schedule update Please note important,Customer
Scheduled server maintenance tonight from 12 AM to 2 AM. note ASAP schedule ASAP Please,IT Support
We apologize for the inconvenience caused. Please find the solution attached. note update important review ASAP,Customer
Thank you for reaching out. We have received your query. update ASAP schedule schedule Please,Customer
Newsletter draft is ready for approval. review important update ASAP review,Marketing
Executive meeting scheduled for Thursday at 3 PM. important review important ASAP important,Management
Please review the marketing strategy for Q4. review ASAP note review ASAP,Marketing
Team meeting scheduled for Friday at 10 AM. important ASAP note note important,Internal
Company strategy updates will be shared tomorrow. schedule note Please update ASAP,Management
New social media campaign starts next Monday. schedule important important schedule note,Marketing
New social media campaign starts next Monday. review schedule ASAP ASAP note,Marketing
Thank you for reaching out. We have received your query. schedule schedule update update review,Customer
Please approve the project budget by end of day. Please note schedule update ASAP,Management
The monthly expense report is due for submission. schedule review schedule important ASAP,Finance
Please review the updated compliance guidelines. ASAP note note ASAP schedule,Legal
Team meeting scheduled for Friday at 10 AM. review ASAP Please update schedule,Internal
Please review the marketing strategy for Q4. ASAP ASAP important Please update,Marketing
New privacy policy has been published. schedule ASAP ASAP schedule note,Legal
New privacy policy has been published. schedule note ASAP review ASAP,Legal
The monthly expense report is due for submission. note ASAP review update note,Finance
Please review the updated compliance guidelines. ASAP update schedule update note,Legal
New privacy policy has been published. ASAP note schedule note Please,Legal
New privacy policy has been published. ASAP Please schedule important Please,Legal
Your password has been reset successfully. Please review review note schedule,IT Support
The monthly expense report is due for submission. update review ASAP update ASAP,Finance
The server maintenance will occur tonight from 11 PM to 2 AM. Please ASAP ASAP note note,Internal
Please submit your leave application by the end of the week. review ASAP update Please review,HR
New social media campaign starts next Monday. ASAP important ASAP note schedule,Marketing
Reminder: Performance review forms are due tomorrow. update review note important note,HR
Your reimbursement request has been approved. important update note update Please,Finance
Thank you for reaching out. We have received your query. Please update schedule ASAP Please,Customer
Newsletter draft is ready for approval. schedule important schedule Please review,Marketing
Reminder: Performance review forms are due tomorrow. ASAP important update update update,HR
Scheduled server maintenance tonight from 12 AM to 2 AM. schedule ASAP review update review,IT Support
Team meeting scheduled for Friday at 10 AM. review important note update note,Internal
HR will conduct a training session on workplace ethics next Monday. schedule note update ASAP schedule,HR
Please review the updated compliance guidelines. note schedule note schedule update,Legal
Please submit your leave application by the end of the week. schedule update Please ASAP update,HR
Your order has been shipped and will arrive in 3-5 days. schedule schedule ASAP review Please,Customer
Please review the project plan and provide updates. ASAP note update note review,Internal
Scheduled server maintenance tonight from 12 AM to 2 AM. ASAP important ASAP schedule Please,IT Support
The monthly expense report is due for submission. review review note important Please,Finance
New privacy policy has been published. update review note note review,Legal
Your password has been reset successfully. Please ASAP note ASAP important,IT Support
Company strategy updates will be shared tomorrow. Please update important ASAP note,Management
Please review the budget allocation for Q4 and provide feedback. schedule schedule important Please review,Finance
Please review the budget allocation for Q4 and provide feedback. update review schedule schedule Please,Finance
The monthly expense report is due for submission. Please review Please schedule Please,Finance
HR will conduct a training session on workplace ethics next Monday. important review review update Please,HR
Newsletter draft is ready for approval. note Please Please review Please,Marketing
Please submit your leave application by the end of the week. review review review Please ASAP,HR
Please submit your leave application by the end of the week. note review update schedule important,HR
Contract renewal is due next week. Please update note important important,Legal
Your password has been reset successfully. ASAP review update review review,IT Support
Please review the budget allocation for Q4 and provide feedback. review review Please important important,Finance
New social media campaign starts next Monday. note review note note Please,Marketing
Contract renewal is due next week. ASAP Please Please review review,Legal
We apologize for the inconvenience caused. Please find the solution attached. ASAP Please review update review,Customer
We apologize for the inconvenience caused. Please find the solution attached. important review schedule review note,Customer
Please review the updated compliance guidelines. schedule ASAP update update Please,Legal
The server maintenance will occur tonight from 11 PM to 2 AM. Please note ASAP note review,Internal
Please update your software to the latest version. Please important review update important,IT Support
Reminder: Performance review forms are due tomorrow. ASAP Please ASAP important ASAP,HR
Please approve the project budget by end of day. review important update note Please,Management
Please review the updated compliance guidelines. update update important update Please,Legal
The server maintenance will occur tonight from 11 PM to 2 AM. schedule ASAP important review note,Internal
Executive meeting scheduled for Thursday at 3 PM. schedule important update ASAP review,Management
Thank you for reaching out. We have received your query. important note note review Please,Customer
Please review the marketing strategy for Q4. Please note note review update,Marketing
Please review the project plan and provide updates. review ASAP review ASAP note,Internal
Newsletter draft is ready for approval. update ASAP important update schedule,Marketing
Your password has been reset successfully. review Please ASAP important Please,IT Support
Contract renewal is due next week. review note note review note,Legal
Please submit your leave application by the end of the week. important schedule note note ASAP,HR
Please approve the project budget by end of day. update schedule update update update,Management
Reminder: Performance review forms are due tomorrow. Please Please note important update,HR
Please review the marketing strategy for Q4. update Please note ASAP Please,Marketing
Newsletter draft is ready for approval. schedule review note update Please,Marketing
The monthly expense report is due for submission. note update ASAP important schedule,Finance
The server maintenance will occur tonight from 11 PM to 2 AM. update schedule ASAP note schedule,Internal
HR will conduct a training session on workplace ethics next Monday. ASAP note important Please ASAP,HR
Thank you for reaching out. We have received your query. ASAP review important review Please,Customer
Please submit your leave application by the end of the week. review review schedule Please review,HR
Executive meeting scheduled for Thursday at 3 PM. schedule important ASAP ASAP ASAP,Management
Team meeting scheduled for Friday at 10 AM. schedule Please Please schedule schedule,Internal
Please submit your leave application by the end of the week. important update schedule review important,HR
Team meeting scheduled for Friday at 10 AM. schedule Please important note Please,Internal
New social media campaign starts next Monday. ASAP schedule Please review important,Marketing
The server maintenance will occur tonight from 11 PM to 2 AM. review important note update ASAP,Internal
New social media campaign starts next Monday. ASAP review note schedule ASAP,Marketing
Executive meeting scheduled for Thursday at 3 PM. Please Please Please Please update,Management
Contract renewal is due next week. update update note ASAP update,Legal
Please review the project plan and provide updates. update important note schedule schedule,Internal
Executive meeting scheduled for Thursday at 3 PM. update Please update ASAP update,Management
Please review the updated compliance guidelines. note schedule important schedule Please,Legal
New privacy policy has been published. schedule Please review note schedule,Legal
Your reimbursement request has been approved. update update schedule important ASAP,Finance
We apologize for the inconvenience caused. Please find the solution attached. Please ASAP schedule ASAP ASAP,Customer
HR will conduct a training session on workplace ethics next Monday. important review important schedule Please,HR
Your order has been shipped and will arrive in 3-5 days. important review note review schedule,Customer
Your order has been shipped and will arrive in 3-5 days. update important schedule schedule important,Customer
Please submit your leave application by the end of the week. update review important Please ASAP,HR
Contract renewal is due next week. update Please review update ASAP,Legal
Please review the project plan and provide updates. review important Please update review,Internal
New privacy policy has been published. review Please important review Please,Legal
Your password has been reset successfully. ASAP schedule schedule important Please,IT Support
We apologize for the inconvenience caused. Please find the solution attached. ASAP review ASAP schedule review,Customer
Your order has been shipped and will arrive in 3-5 days. schedule note update review note,Customer
Please update your software to the latest version. schedule Please update note ASAP,IT Support
Please review the marketing strategy for Q4. Please review update ASAP update,Marketing
Reminder: Performance review forms are due tomorrow. update schedule ASAP schedule ASAP,HR
Contract renewal is due next week. important update important note note,Legal
Reminder: Performance review forms are due tomorrow. important ASAP note note ASAP,HR
Reminder: Performance review forms are due tomorrow. note ASAP Please Please Please,HR
Please update your software to the latest version. update Please ASAP important review,IT Support
The server maintenance will occur tonight from 11 PM to 2 AM. ASAP important note schedule note,Internal
Your password has been reset successfully. schedule Please Please Please important,IT Support
HR will conduct a training session on workplace ethics next Monday. note update important Please Please,HR
Thank you for reaching out. We have received your query. Please schedule Please note update,Customer
Contract renewal is due next week. update note Please Please schedule,Legal
The server maintenance will occur tonight from 11 PM to 2 AM. review Please Please review Please,Internal
Reminder: Performance review forms are due tomorrow. note review ASAP important ASAP,HR
Team meeting scheduled for Friday at 10 AM. note review ASAP note review,Internal
Reminder: Performance review forms are due tomorrow. Please update note update review,HR
HR will conduct a training session on workplace ethics next Monday. schedule schedule update note ASAP,HR
Thank you for reaching out. We have received your query. note ASAP note important schedule,Customer
Contract renewal is due next week. ASAP review schedule note Please,Legal
Please review the marketing strategy for Q4. Please note note update update,Marketing
Thank you for reaching out. We have received your query. Please review important update ASAP,Customer
Thank you for reaching out. We have received your query. important ASAP note review important,Customer
New privacy policy has been published. ASAP Please ASAP note schedule,Legal
Your password has been reset successfully. ASAP Please ASAP review update,IT Support
The monthly expense report is due for submission. important ASAP ASAP review schedule,Finance
HR will conduct a training session on workplace ethics next Monday. ASAP schedule schedule update review,HR
Please review the budget allocation for Q4 and provide feedback. update schedule note important update,Finance
Please update your software to the latest version. Please review note ASAP update,IT Support
The server maintenance will occur tonight from 11 PM to 2 AM. update review update ASAP review,Internal
Your password has been reset successfully. ASAP review update update ASAP,IT Support
Scheduled server maintenance tonight from 12 AM to 2 AM. update important note schedule review,IT Support
Contract renewal is due next week. review Please update ASAP note,Legal
Contract renewal is due next week. Please important update ASAP ASAP,Legal
Team meeting scheduled for Friday at 10 AM. ASAP schedule important note Please,Internal
HR will conduct a training session on workplace ethics next Monday. update update ASAP update update,HR
We apologize for the inconvenience caused. Please find the solution attached. schedule ASAP important schedule update,Customer
Scheduled server maintenance tonight from 12 AM to 2 AM. note important ASAP update note,IT Support
Please review the marketing strategy for Q4. important update important review update,Marketing
Newsletter draft is ready for approval. important schedule Please update review,Marketing
Please review the project plan and provide updates. schedule update Please note schedule,Internal
Newsletter draft is ready for approval. Please update ASAP Please important,Marketing
Please review the project plan and provide updates. Please Please review ASAP update,Internal
Reminder: Performance review forms are due tomorrow. ASAP ASAP update Please note,HR
Your password has been reset successfully. review ASAP schedule update note,IT Support
Please review the budget allocation for Q4 and provide feedback. review schedule important update review,Finance
Please review the project plan and provide updates. note Please schedule review note,Internal
Your order has been shipped and will arrive in 3-5 days. important ASAP important update ASAP,Customer
The monthly expense report is due for submission. note note Please review update,Finance
Please update your software to the latest version. important note note ASAP update,IT Support
Please approve the project budget by end of day. review schedule ASAP review Please,Management
HR will conduct a training session on workplace ethics next Monday. schedule note note Please schedule,HR
Team meeting scheduled for Friday at 10 AM. update schedule schedule review note,Internal
Please approve the project budget by end of day. ASAP Please ASAP important important,Management
Please update your software to the latest version. note schedule important ASAP Please,IT Support
Team meeting scheduled for Friday at 10 AM. note Please important update Please,Internal
Thank you for reaching out. We have received your query. ASAP Please note review review,Customer
Executive meeting scheduled for Thursday at 3 PM. Please important note note important,Management
Reminder: Performance review forms are due tomorrow. important review review Please Please,HR
Company strategy updates will be shared tomorrow. update update ASAP note note,Management
Company strategy updates will be shared tomorrow. schedule schedule review review review,Management
Please approve the project budget by end of day. important update Please note important,Management
New privacy policy has been published. Please ASAP note important review,Legal
Please update your software to the latest version. schedule schedule Please Please note,IT Support
Your password has been reset successfully. important schedule schedule Please review,IT Support
Please review the budget allocation for Q4 and provide feedback. review important schedule update Please,Finance
Please review the marketing strategy for Q4. review update ASAP review schedule,Marketing
Please submit your leave application by the end of the week. review schedule Please important schedule,HR
Please review the marketing strategy for Q4. schedule update note note schedule,Marketing
New social media campaign starts next Monday. review update ASAP schedule schedule,Marketing
HR will conduct a training session on workplace ethics next Monday. update ASAP ASAP Please important,HR
Reminder: Performance review forms are due tomorrow. schedule note Please review note,HR
Please update your software to the latest version. update update note ASAP Please,IT Support
New social media campaign starts next Monday. review schedule note ASAP note,Marketing
Executive meeting scheduled for Thursday at 3 PM. Please important note important important,Management
Your order has been shipped and will arrive in 3-5 days. review schedule ASAP important schedule,Customer
Your order has been shipped and will arrive in 3-5 days. note review note update update,Customer
New social media campaign starts next Monday. important update ASAP ASAP ASAP,Marketing
Executive meeting scheduled for Thursday at 3 PM. update schedule ASAP ASAP ASAP,Management
New privacy policy has been published. Please update note update schedule,Legal
Please approve the project budget by end of day. note ASAP Please important review,Management
Please update your software to the latest version. ASAP important update Please ASAP,IT Support
The server maintenance will occur tonight from 11 PM to 2 AM. Please Please Please schedule important,Internal
We apologize for the inconvenience caused. Please find the solution attached. schedule note Please Please note,Customer
New social media campaign starts next Monday. important important Please important review,Marketing
Your password has been reset successfully. review note update schedule note,IT Support
Please approve the project budget by end of day. update update Please review update,Management
Your order has been shipped and will arrive in 3-5 days. ASAP ASAP ASAP update review,Customer
Your order has been shipped and will arrive in 3-5 days. Please update important ASAP review,Customer
The monthly expense report is due for submission. note review schedule review Please,Finance
New social media campaign starts next Monday. update review update Please schedule,Marketing
HR will conduct a training session on workplace ethics next Monday. ASAP ASAP schedule ASAP note,HR
Scheduled server maintenance tonight from 12 AM to 2 AM. Please review important Please important,IT Support
Please review the updated compliance guidelines. note schedule ASAP important schedule,Legal
We apologize for the inconvenience caused. Please find the solution attached. important Please Please important review,Customer
Please submit your leave application by the end of the week. note ASAP important important review,HR
Team meeting scheduled for Friday at 10 AM. update important update important schedule,Internal
New social media campaign starts next Monday. schedule important important note note,Marketing
Please update your software to the latest version. ASAP schedule review schedule ASAP,IT Support
Please review the budget allocation for Q4 and provide feedback. note important note review important,Finance
Newsletter draft is ready for approval. review important note important important,Marketing
Contract renewal is due next week. schedule important review note ASAP,Legal
Your reimbursement request has been approved. schedule Please update note schedule,Finance
Please review the updated compliance guidelines. schedule Please Please Please important,Legal
Please review the budget allocation for Q4 and provide feedback. note review review schedule schedule,Finance
The server maintenance will occur tonight from 11 PM to 2 AM. update important note schedule update,Internal
Please update your software to the latest version. review update important review ASAP,IT Support
Your password has been reset successfully. important review update update ASAP,IT Support
New social media campaign starts next Monday. review note review update update,Marketing
Please review the budget allocation for Q4 and provide feedback. schedule review review important update,Finance
Contract renewal is due next week. update review ASAP review ASAP,Legal
Company strategy updates will be shared tomorrow. ASAP schedule update note Please,Management
Scheduled server maintenance tonight from 12 AM to 2 AM. important schedule schedule Please update,IT Support
Your order has been shipped and will arrive in 3-5 days. Please review update update schedule,Customer
Your order has been shipped and will arrive in 3-5 days. Please ASAP review update ASAP,Customer
Please review the budget allocation for Q4 and provide feedback. update ASAP Please Please update,Finance
The monthly expense report is due for submission. review Please important important Please,Finance
Thank you for reaching out. We have received your query. update update Please update schedule,Customer
Team meeting scheduled for Friday at 10 AM. note review schedule important ASAP,Internal
Contract renewal is due next week. important schedule ASAP review note,Legal
We apologize for the inconvenience caused. Please find the solution attached. update note Please ASAP ASAP,Customer
Thank you for reaching out. We have received your query. ASAP Please important important Please,Customer
Your order has been shipped and will arrive in 3-5 days. update update note Please note,Customer
Team meeting scheduled for Friday at 10 AM. ASAP update ASAP review schedule,Internal
New privacy policy has been published. ASAP review review review schedule,Legal
Please review the budget allocation for Q4 and provide feedback. review review review schedule schedule,Finance
Newsletter draft is ready for approval. important important update note Please,Marketing
Your order has been shipped and will arrive in 3-5 days. review update ASAP update update,Customer
Company strategy updates will be shared tomorrow. important schedule review review review,Management
New social media campaign starts next Monday. ASAP important review Please review,Marketing
New privacy policy has been published. schedule Please schedule Please update,Legal
Thank you for reaching out. We have received your query. update review schedule ASAP update,Customer
Your reimbursement request has been approved. update update ASAP ASAP ASAP,Finance
The server maintenance will occur tonight from 11 PM to 2 AM. review Please schedule update important,Internal
Contract renewal is due next week. schedule important schedule schedule note,Legal
We apologize for the inconvenience caused. Please find the solution attached. important note update note schedule,Customer
Reminder: Performance review forms are due tomorrow. ASAP review ASAP update update,HR
Please approve the project budget by end of day. schedule update important update ASAP,Management
Team meeting scheduled for Friday at 10 AM. Please update ASAP Please Please,Internal
New privacy policy has been published. ASAP review schedule schedule note,Legal
Please review the project plan and provide updates. update review Please note important,Internal
Please review the marketing strategy for Q4. review review update Please Please,Marketing
Executive meeting scheduled for Thursday at 3 PM. Please update ASAP Please review,Management
The server maintenance will occur tonight from 11 PM to 2 AM. ASAP schedule note update review,Internal
Contract renewal is due next week. schedule update note important Please,Legal
Scheduled server maintenance tonight from 12 AM to 2 AM. review review note schedule ASAP,IT Support
New social media campaign starts next Monday. review note ASAP ASAP update,Marketing
The monthly expense report is due for submission. review note update review note,Finance
Please approve the project budget by end of day. Please update important update note,Management
Please review the marketing strategy for Q4. important schedule Please ASAP schedule,Marketing
Please review the marketing strategy for Q4. update important Please important note,Marketing
Company strategy updates will be shared tomorrow. review review schedule schedule note,Management
Newsletter draft is ready for approval. Please schedule important note schedule,Marketing
Please review the budget allocation for Q4 and provide feedback. update ASAP Please note update,Finance
HR will conduct a training session on workplace ethics next Monday. update Please review Please ASAP,HR
Scheduled server maintenance tonight from 12 AM to 2 AM. schedule important update Please ASAP,IT Support
HR will conduct a training session on workplace ethics next Monday. note note Please ASAP review,HR
Please review the marketing strategy for Q4. review update review important review,Marketing
Please review the updated compliance guidelines. important update important Please important,Legal
The monthly expense report is due for submission. note Please Please schedule update,Finance
Please review the project plan and provide updates. schedule schedule important important note,Internal
Reminder: Performance review forms are due tomorrow. ASAP important review schedule note,HR
Executive meeting scheduled for Thursday at 3 PM. review schedule important update schedule,Management
Your order has been shipped and will arrive in 3-5 days. review important review review ASAP,Customer
Thank you for reaching out. We have received your query. important update schedule note ASAP,Customer
Reminder: Performance review forms are due tomorrow. review schedule review note update,HR
Company strategy updates will be shared tomorrow. review schedule schedule schedule important,Management
Your order has been shipped and will arrive in 3-5 days. schedule note Please ASAP schedule,Customer
The server maintenance will occur tonight from 11 PM to 2 AM. update update review ASAP important,Internal
We apologize for the inconvenience caused. Please find the solution attached. note important important review note,Customer
New social media campaign starts next Monday. schedule important note schedule review,Marketing
New privacy policy has been published. schedule note note review important,Legal
New social media campaign starts next Monday. review note ASAP review schedule,Marketing
Executive meeting scheduled for Thursday at 3 PM. note important schedule schedule note,Management
Please review the updated compliance guidelines. update review update Please review,Legal
Thank you for reaching out. We have received your query. note ASAP important note important,Customer
Your reimbursement request has been approved. review Please note ASAP schedule,Finance
New social media campaign starts next Monday. note note update important ASAP,Marketing
Please review the marketing strategy for Q4. Please schedule update update update,Marketing
Please review the marketing strategy for Q4. review Please Please review Please,Marketing
Please review the marketing strategy for Q4. note update ASAP important important,Marketing
The monthly expense report is due for submission. important important schedule review ASAP,Finance
Please review the updated compliance guidelines. important Please update ASAP review,Legal
HR will conduct a training session on workplace ethics next Monday. update review ASAP schedule important,HR
Your password has been reset successfully. note schedule note Please note,IT Support
Your order has been shipped and will arrive in 3-5 days. important note update note ASAP,Customer
Thank you for reaching out. We have received your query. ASAP note important ASAP review,Customer
Newsletter draft is ready for approval. review Please note Please update,Marketing
Your reimbursement request has been approved. note note important review important,Finance
Please submit your leave application by the end of the week. ASAP Please review schedule schedule,HR
Please approve the project budget by end of day. schedule schedule update important Please,Management
The monthly expense report is due for submission. important schedule note ASAP important,Finance
Please approve the project budget by end of day. review update review important update,Management
The monthly expense report is due for submission. schedule note important note schedule,Finance
The monthly expense report is due for submission. ASAP update update note Please,Finance
Please review the updated compliance guidelines. review note review ASAP important,Legal
HR will conduct a training session on workplace ethics next Monday. important update important important update,HR
The monthly expense report is due for submission. ASAP important ASAP update important,Finance
Thank you for reaching out. We have received your query. note important important note note,Customer
Reminder: Performance review forms are due tomorrow. Please schedule update important update,HR
Reminder: Performance review forms are due tomorrow. update ASAP note review schedule,HR
Your order has been shipped and will arrive in 3-5 days. update schedule Please ASAP update,Customer
Team meeting scheduled for Friday at 10 AM. Please ASAP review review note,Internal
Newsletter draft is ready for approval. note review Please note review,Marketing
Please review the project plan and provide updates. important review review Please important,Internal
Please review the updated compliance guidelines. schedule ASAP review schedule ASAP,Legal
Your order has been shipped and will arrive in 3-5 days. important update update ASAP review,Customer
New privacy policy has been published. ASAP update update Please note,Legal
Please review the marketing strategy for Q4. note update important Please update,Marketing
Scheduled server maintenance tonight from 12 AM to 2 AM. important Please review update update,IT Support
Your password has been reset successfully. note ASAP Please note note,IT Support
HR will conduct a training session on workplace ethics next Monday. update ASAP review note important,HR
Your reimbursement request has been approved. schedule note note update important,Finance
Please review the project plan and provide updates. schedule review ASAP update update,Internal
The server maintenance will occur tonight from 11 PM to 2 AM. review update Please note note,Internal
Please approve the project budget by end of day. ASAP Please note important update,Management
The monthly expense report is due for submission. update update ASAP note update,Finance
The monthly expense report is due for submission. Please note schedule important Please,Finance
Team meeting scheduled for Friday at 10 AM. important schedule update important Please,Internal
Reminder: Performance review forms are due tomorrow. update Please note schedule schedule,HR
Executive meeting scheduled for Thursday at 3 PM. schedule Please note schedule review,Management
Company strategy updates will be shared tomorrow. ASAP ASAP important schedule review,Management
Your order has been shipped and will arrive in 3-5 days. important schedule note Please important,Customer
HR will conduct a training session on workplace ethics next Monday. review note note ASAP update,HR
New privacy policy has been published. update important important Please important,Legal
HR will conduct a training session on workplace ethics next Monday. important ASAP update important ASAP,HR
Thank you for reaching out. We have received your query. review update note review note,Customer
Your reimbursement request has been approved. schedule update note update important,Finance
Company strategy updates will be shared tomorrow. important update note important schedule,Management
Your password has been reset successfully. important important schedule update Please,IT Support
Executive meeting scheduled for Thursday at 3 PM. update note note Please schedule,Management
Please review the budget allocation for Q4 and provide feedback. schedule important note note ASAP,Finance
Your order has been shipped and will arrive in 3-5 days. ASAP update schedule ASAP review,Customer
The server maintenance will occur tonight from 11 PM to 2 AM. Please update schedule schedule update,Internal
Please review the project plan and provide updates. note important ASAP note ASAP,Internal
Please review the marketing strategy for Q4. Please update ASAP schedule schedule,Marketing
Newsletter draft is ready for approval. review schedule important review ASAP,Marketing
Please submit your leave application by the end of the week. schedule important schedule schedule Please,HR
Please update your software to the latest version. important review update note note,IT Support
Thank you for reaching out. We have received your query. review ASAP schedule Please update,Customer
Thank you for reaching out. We have received your query. review ASAP Please note update,Customer
New privacy policy has been published. ASAP important schedule note ASAP,Legal
Company strategy updates will be shared tomorrow. Please note important note important,Management
Your order has been shipped and will arrive in 3-5 days. schedule ASAP note schedule important,Customer
Your reimbursement request has been approved. ASAP important Please ASAP schedule,Finance
Your reimbursement request has been approved. review schedule review update important,Finance
Reminder: Performance review forms are due tomorrow. update schedule ASAP Please Please,HR
Please review the project plan and provide updates. important schedule update Please review,Internal
The server maintenance will occur tonight from 11 PM to 2 AM. Please ASAP Please schedule schedule,Internal
Please review the budget allocation for Q4 and provide feedback. important update schedule update Please,Finance
Reminder: Performance review forms are due tomorrow. important update important schedule Please,HR
Thank you for reaching out. We have received your query. Please ASAP Please review ASAP,Customer
We apologize for the inconvenience caused. Please find the solution attached. schedule ASAP update schedule review,Customer
HR will conduct a training session on workplace ethics next Monday. Please important schedule ASAP Please,HR
Team meeting scheduled for Friday at 10 AM. review schedule Please schedule schedule,Internal
HR will conduct a training session on workplace ethics next Monday. Please ASAP important schedule review,HR
HR will conduct a training session on workplace ethics next Monday. important review note update update,HR
Please update your software to the latest version. ASAP Please review important review,IT Support
Newsletter draft is ready for approval. update note ASAP ASAP schedule,Marketing
New privacy policy has been published. review Please important update review,Legal
Executive meeting scheduled for Thursday at 3 PM. schedule schedule important Please schedule,Management
Team meeting scheduled for Friday at 10 AM. review review Please update note,Internal
Contract renewal is due next week. Please Please schedule update schedule,Legal
Contract renewal is due next week. review schedule update update review,Legal
Scheduled server maintenance tonight from 12 AM to 2 AM. ASAP update review review Please,IT Support
Executive meeting scheduled for Thursday at 3 PM. update important Please schedule note,Management
Please submit your leave application by the end of the week. review review note note Please,HR
We apologize for the inconvenience caused. Please find the solution attached. update review review schedule important,Customer
Your reimbursement request has been approved. Please schedule update ASAP important,Finance
Please review the updated compliance guidelines. important update schedule schedule Please,Legal
Please approve the project budget by end of day. schedule review update ASAP important,Management
Reminder: Performance review forms are due tomorrow. ASAP Please update Please note,HR
Please review the updated compliance guidelines. ASAP update schedule schedule update,Legal
New social media campaign starts next Monday. important update ASAP ASAP update,Marketing
Scheduled server maintenance tonight from 12 AM to 2 AM. update note important review update,IT Support
The server maintenance will occur tonight from 11 PM to 2 AM. ASAP schedule note Please schedule,Internal
Please review the budget allocation for Q4 and provide feedback. review ASAP schedule important schedule,Finance
Scheduled server maintenance tonight from 12 AM to 2 AM. review update Please important Please,IT Support
Please update your software to the latest version. Please review schedule note Please,IT Support
Your order has been shipped and will arrive in 3-5 days. important important note schedule ASAP,Customer
Your password has been reset successfully. schedule schedule schedule ASAP ASAP,IT Support
Please review the budget allocation for Q4 and provide feedback. ASAP Please review schedule ASAP,Finance
New privacy policy has been published. ASAP important review review update,Legal
Please review the marketing strategy for Q4. ASAP Please review note ASAP,Marketing
Please review the updated compliance guidelines. schedule ASAP update ASAP Please,Legal
Executive meeting scheduled for Thursday at 3 PM. important review schedule schedule review,Management
Please update your software to the latest version. ASAP review schedule review note,IT Support
Please submit your leave application by the end of the week. ASAP review note Please ASAP,HR
Your order has been shipped and will arrive in 3-5 days. review note update ASAP ASAP,Customer
We apologize for the inconvenience caused. Please find the solution attached. update review important update Please,Customer
Newsletter draft is ready for approval. important Please review update schedule,Marketing
Team meeting scheduled for Friday at 10 AM. note ASAP schedule ASAP note,Internal
Reminder: Performance review forms are due tomorrow. review review schedule update note,HR
Your reimbursement request has been approved. update review note important important,Finance
Please approve the project budget by end of day. note update note note important,Management
New social media campaign starts next Monday. Please schedule schedule review schedule,Marketing
Please update your software to the latest version. note note note review ASAP,IT Support
We apologize for the inconvenience caused. Please find the solution attached. Please schedule update note schedule,Customer
Please review the updated compliance guidelines. schedule important important schedule review,Legal
We apologize for the inconvenience caused. Please find the solution attached. ASAP ASAP Please ASAP ASAP,Customer
Company strategy updates will be shared tomorrow. review update update important note,Management
New social media campaign starts next Monday. schedule ASAP ASAP update Please,Marketing
Please review the project plan and provide updates. schedule update update update review,Internal
Scheduled server maintenance tonight from 12 AM to 2 AM. update Please important review Please,IT Support
The monthly expense report is due for submission. note important schedule schedule Please,Finance
Scheduled server maintenance tonight from 12 AM to 2 AM. ASAP update ASAP Please update,IT Support
Please review the updated compliance guidelines. ASAP schedule update update note,Legal
HR will conduct a training session on workplace ethics next Monday. review schedule ASAP schedule ASAP,HR
Newsletter draft is ready for approval. important note update note important,Marketing
Reminder: Performance review forms are due tomorrow. update review review important important,HR
Contract renewal is due next week. ASAP update ASAP review ASAP,Legal
Please review the marketing strategy for Q4. important update update schedule Please,Marketing
The server maintenance will occur tonight from 11 PM to 2 AM. schedule update ASAP review review,Internal
Scheduled server maintenance tonight from 12 AM to 2 AM. important schedule update ASAP ASAP,IT Support
Team meeting scheduled for Friday at 10 AM. update Please review schedule ASAP,Internal
New social media campaign starts next Monday. Please ASAP note review update,Marketing
We apologize for the inconvenience caused. Please find the solution attached. note update note Please update,Customer
Thank you for reaching out. We have received your query. update schedule Please update ASAP,Customer
Your reimbursement request has been approved. important review note important important,Finance
Please approve the project budget by end of day. Please Please important review Please,Management
New privacy policy has been published. schedule schedule schedule schedule Please,Legal
Team meeting scheduled for Friday at 10 AM. ASAP review note ASAP ASAP,Internal
Contract renewal is due next week. note ASAP update update Please,Legal
Newsletter draft is ready for approval. review schedule update schedule note,Marketing
Contract renewal is due next week. review update important ASAP important,Legal
Please review the marketing strategy for Q4. important schedule review note Please,Marketing
We apologize for the inconvenience caused. Please find the solution attached. review Please schedule schedule ASAP,Customer
Your password has been reset successfully. important update ASAP update Please,IT Support
Company strategy updates will be shared tomorrow. ASAP ASAP update ASAP note,Management
Please update your software to the latest version. schedule important Please Please important,IT Support
HR will conduct a training session on workplace ethics next Monday. important ASAP important ASAP note,HR
Team meeting scheduled for Friday at 10 AM. Please review important review note,Internal
Please review the updated compliance guidelines. important schedule important Please schedule,Legal
Scheduled server maintenance tonight from 12 AM to 2 AM. note important important important ASAP,IT Support
Thank you for reaching out. We have received your query. update ASAP note schedule update,Customer
Please submit your leave application by the end of the week. important Please update Please note,HR
We apologize for the inconvenience caused. Please find the solution attached. schedule note important review Please,Customer
Please submit your leave application by the end of the week. review review important ASAP schedule,HR
Please update your software to the latest version. important note important schedule Please,IT Support
Please review the updated compliance guidelines. important schedule ASAP review ASAP,Legal
Please review the budget allocation for Q4 and provide feedback. update ASAP schedule schedule Please,Finance
We apologize for the inconvenience caused. Please find the solution attached. note important update important ASAP,Customer
New privacy policy has been published. important review schedule note schedule,Legal
The server maintenance will occur tonight from 11 PM to 2 AM. review review important ASAP update,Internal
Please update your software to the latest version. update important ASAP important review,IT Support
Contract renewal is due next week. review schedule note Please review,Legal
Your order has been shipped and will arrive in 3-5 days. ASAP ASAP note schedule important,Customer
We apologize for the inconvenience caused. Please find the solution attached. Please schedule review ASAP note,Customer
Thank you for reaching out. We have received your query. important important Please update update,Customer
Please review the project plan and provide updates. important update update important schedule,Internal
Please review the updated compliance guidelines. ASAP Please important important ASAP,Legal
Please update your software to the latest version. review Please schedule schedule note,IT Support
New privacy policy has been published. schedule ASAP ASAP update update,Legal
Please review the project plan and provide updates. important ASAP Please ASAP important,Internal
HR will conduct a training session on workplace ethics next Monday. update schedule note note schedule,HR
Please review the updated compliance guidelines. update ASAP important update review,Legal
The monthly expense report is due for submission. important schedule ASAP note review,Finance
New social media campaign starts next Monday. note schedule schedule schedule ASAP,Marketing
New social media campaign starts next Monday. review update ASAP schedule schedule,Marketing
Please review the updated compliance guidelines. review note schedule update update,Legal
Please approve the project budget by end of day. important Please Please Please review,Management
Contract renewal is due next week. important ASAP update ASAP review,Legal
We apologize for the inconvenience caused. Please find the solution attached. review update review note schedule,Customer
Your order has been shipped and will arrive in 3-5 days. schedule schedule Please Please schedule,Customer
The server maintenance will occur tonight from 11 PM to 2 AM. update update Please note ASAP,Internal
Company strategy updates will be shared tomorrow. review note note Please note,Management
Reminder: Performance review forms are due tomorrow. Please important note Please update,HR
Newsletter draft is ready for approval. review note ASAP update schedule,Marketing
Please review the updated compliance guidelines. Please note note review note,Legal
The server maintenance will occur tonight from 11 PM to 2 AM. update Please Please review ASAP,Internal
New social media campaign starts next Monday. note update schedule schedule Please,Marketing
Please review the marketing strategy for Q4. update review update ASAP update,Marketing
Please update your software to the latest version. note Please schedule schedule review,IT Support
Reminder: Performance review forms are due tomorrow. update review schedule note update,HR
Your password has been reset successfully. ASAP update review update important,IT Support
Scheduled server maintenance tonight from 12 AM to 2 AM. ASAP important Please review update,IT Support
The monthly expense report is due for submission. note ASAP important review important,Finance
We apologize for the inconvenience caused. Please find the solution attached. schedule review Please ASAP ASAP,Customer
Scheduled server maintenance tonight from 12 AM to 2 AM. Please review ASAP update schedule,IT Support
Your password has been reset successfully. schedule update schedule note Please,IT Support
Please review the marketing strategy for Q4. update update Please ASAP review,Marketing
Please approve the project budget by end of day. Please update review update schedule,Management
The server maintenance will occur tonight from 11 PM to 2 AM. schedule schedule important review update,Internal
New privacy policy has been published. update Please note ASAP schedule,Legal
Thank you for reaching out. We have received your query. update review update ASAP important,Customer
Your reimbursement request has been approved. important important Please ASAP Please,Finance
Please review the budget allocation for Q4 and provide feedback. note review important schedule schedule,Finance
Please review the marketing strategy for Q4. ASAP important update review review,Marketing
Please review the project plan and provide updates. review review ASAP schedule schedule,Internal
Newsletter draft is ready for approval. important important Please review update,Marketing
Please approve the project budget by end of day. schedule schedule update note schedule,Management
Your password has been reset successfully. ASAP important Please ASAP note,IT Support
Executive meeting scheduled for Thursday at 3 PM. schedule note Please important schedule,Management
Executive meeting scheduled for Thursday at 3 PM. review schedule review note review,Management
Executive meeting scheduled for Thursday at 3 PM. ASAP important note important ASAP,Management
Your password has been reset successfully. review schedule Please note note,IT Support
New privacy policy has been published. note schedule Please review ASAP,Legal
Executive meeting scheduled for Thursday at 3 PM. update update note important ASAP,Management
Please review the marketing strategy for Q4. schedule schedule review ASAP ASAP,Marketing
Executive meeting scheduled for Thursday at 3 PM. schedule important update note schedule,Management
Contract renewal is due next week. ASAP important schedule important review,Legal
Please update your software to the latest version. important schedule update important schedule,IT Support
Your reimbursement request has been approved. review review update note schedule,Finance
Reminder: Performance review forms are due tomorrow. schedule note note review review,HR
Executive meeting scheduled for Thursday at 3 PM. review update note ASAP important,Management
Please review the updated compliance guidelines. update schedule review important note,Legal
Please update your software to the latest version. important important review schedule ASAP,IT Support
We apologize for the inconvenience caused. Please find the solution attached. ASAP important schedule ASAP important,Customer
The server maintenance will occur tonight from 11 PM to 2 AM. review important schedule ASAP update,Internal
Scheduled server maintenance tonight from 12 AM to 2 AM. note ASAP note schedule schedule,IT Support
Thank you for reaching out. We have received your query. schedule Please ASAP Please schedule,Customer
Please review the project plan and provide updates. schedule schedule Please schedule update,Internal
Your order has been shipped and will arrive in 3-5 days. review update review schedule note,Customer
Please approve the project budget by end of day. update Please important note note,Management
Newsletter draft is ready for approval. important review schedule schedule update,Marketing
HR will conduct a training session on workplace ethics next Monday. important update note schedule Please,HR
Please review the budget allocation for Q4 and provide feedback. important ASAP schedule schedule important,Finance
Your reimbursement request has been approved. important update ASAP note note,Finance
Thank you for reaching out. We have received your query. schedule Please important update ASAP,Customer
Your password has been reset successfully. ASAP schedule schedule note note,IT Support
Your password has been reset successfully. note note important important important,IT Support
Team meeting scheduled for Friday at 10 AM. ASAP schedule ASAP ASAP update,Internal
New social media campaign starts next Monday. review schedule Please important important,Marketing
New social media campaign starts next Monday. note important schedule important important,Marketing
Reminder: Performance review forms are due tomorrow. ASAP note important Please review,HR
The monthly expense report is due for submission. Please ASAP update ASAP review,Finance
New social media campaign starts next Monday. schedule note ASAP note important,Marketing
Your order has been shipped and will arrive in 3-5 days. update schedule note update schedule,Customer
HR will conduct a training session on workplace ethics next Monday. ASAP note note note note,HR
New social media campaign starts next Monday. schedule note ASAP note note,Marketing
Please review the marketing strategy for Q4. review note update schedule important,Marketing
Executive meeting scheduled for Thursday at 3 PM. update Please update important important,Management
Reminder: Performance review forms are due tomorrow. update schedule important update update,HR
Thank you for reaching out. We have received your query. Please note note review note,Customer
The monthly expense report is due for submission. ASAP important Please important important,Finance
Please submit your leave application by the end of the week. Please important ASAP schedule update,HR
Please review the updated compliance guidelines. Please Please Please review Please,Legal
Executive meeting scheduled for Thursday at 3 PM. review review schedule update important,Management
Please update your software to the latest version. ASAP review schedule update important,IT Support
Please approve the project budget by end of day. schedule note Please note ASAP,Management
Executive meeting scheduled for Thursday at 3 PM. ASAP ASAP note important schedule,Management
Team meeting scheduled for Friday at 10 AM. ASAP update Please schedule review,Internal
Your reimbursement request has been approved. ASAP update review schedule ASAP,Finance
Newsletter draft is ready for approval. ASAP important Please ASAP ASAP,Marketing
Team meeting scheduled for Friday at 10 AM. note schedule note schedule review,Internal
HR will conduct a training session on workplace ethics next Monday. Please important Please update Please,HR
The server maintenance will occur tonight from 11 PM to 2 AM. Please Please update Please note,Internal
Newsletter draft is ready for approval. update schedule Please ASAP note,Marketing
New privacy policy has been published. Please review update review note,Legal
Scheduled server maintenance tonight from 12 AM to 2 AM. review important note review important,IT Support
Your reimbursement request has been approved. note ASAP ASAP important schedule,Finance
Contract renewal is due next week. review update Please ASAP update,Legal
Please review the updated compliance guidelines. update important review note important,Legal
New social media campaign starts next Monday. update note important Please important,Marketing
The server maintenance will occur tonight from 11 PM to 2 AM. update ASAP schedule ASAP ASAP,Internal
We apologize for the inconvenience caused. Please find the solution attached. important ASAP note schedule update,Customer
Team meeting scheduled for Friday at 10 AM. update schedule ASAP schedule Please,Internal
Your order has been shipped and will arrive in 3-5 days. Please important Please review ASAP,Customer
Your password has been reset successfully. update ASAP ASAP review update,IT Support
Contract renewal is due next week. update ASAP Please ASAP note,Legal
Executive meeting scheduled for Thursday at 3 PM. review note update schedule update,Management
Your password has been reset successfully. ASAP Please Please update schedule,IT Support
Please update your software to the latest version. note note schedule important update,IT Support
The monthly expense report is due for submission. important update ASAP important note,Finance
Contract renewal is due next week. important Please schedule update review,Legal
Please approve the project budget by end of day. schedule important review important ASAP,Management
HR will conduct a training session on workplace ethics next Monday. note Please review review ASAP,HR
Your password has been reset successfully. schedule Please Please schedule update,IT Support
Thank you for reaching out. We have received your query. important schedule ASAP update Please,Customer
Please update your software to the latest version. review Please review schedule schedule,IT Support
New privacy policy has been published. update schedule Please review ASAP,Legal
Please submit your leave application by the end of the week. review schedule important note schedule,HR
Please review the marketing strategy for Q4. note important Please schedule Please,Marketing
Please review the project plan and provide updates. ASAP update note important schedule,Internal
Reminder: Performance review forms are due tomorrow. update review update Please schedule,HR
The server maintenance will occur tonight from 11 PM to 2 AM. Please ASAP schedule ASAP important,Internal
The server maintenance will occur tonight from 11 PM to 2 AM. review important Please ASAP update,Internal
Please submit your leave application by the end of the week. important schedule review note Please,HR
Please update your software to the latest version. review important schedule review Please,IT Support
Your order has been shipped and will arrive in 3-5 days. Please schedule schedule important schedule,Customer
Executive meeting scheduled for Thursday at 3 PM. schedule Please ASAP update important,Management
Please review the updated compliance guidelines. review note update important important,Legal
Scheduled server maintenance tonight from 12 AM to 2 AM. important update review ASAP important,IT Support
Your order has been shipped and will arrive in 3-5 days. schedule review ASAP schedule important,Customer
Please review the project plan and provide updates. important update schedule important review,Internal
Reminder: Performance review forms are due tomorrow. schedule schedule schedule ASAP update,HR
HR will conduct a training session on workplace ethics next Monday. important note Please Please Please,HR
Company strategy updates will be shared tomorrow. update review important note review,Management
The monthly expense report is due for submission. review note note important ASAP,Finance
Scheduled server maintenance tonight from 12 AM to 2 AM. Please ASAP Please update schedule,IT Support
Your reimbursement request has been approved. important Please update Please note,Finance
Scheduled server maintenance tonight from 12 AM to 2 AM. note ASAP important review note,IT Support
Please submit your leave application by the end of the week. ASAP schedule ASAP update Please,HR
Company strategy updates will be shared tomorrow. schedule update ASAP Please note,Management
Please submit your leave application by the end of the week. ASAP important Please note review,HR
Please review the updated compliance guidelines. update ASAP Please update Please,Legal
Your reimbursement request has been approved. note schedule important update note,Finance
HR will conduct a training session on workplace ethics next Monday. Please note Please ASAP important,HR
We apologize for the inconvenience caused. Please find the solution attached. note review note Please review,Customer
Scheduled server maintenance tonight from 12 AM to 2 AM. note schedule Please update important,IT Support
Please update your software to the latest version. note note Please important Please,IT Support
Your order has been shipped and will arrive in 3-5 days. schedule important Please Please important,Customer
New privacy policy has been published. update ASAP important important Please,Legal
Please update your software to the latest version. important important Please review important,IT Support
New social media campaign starts next Monday. note update review note review,Marketing
The server maintenance will occur tonight from 11 PM to 2 AM. review ASAP Please schedule Please,Internal
New privacy policy has been published. schedule important schedule update schedule,Legal
HR will conduct a training session on workplace ethics next Monday. Please schedule update schedule review,HR
The monthly expense report is due for submission. review schedule important note note,Finance
Please submit your leave application by the end of the week. Please important Please note review,HR
Newsletter draft is ready for approval. update review note schedule ASAP,Marketing
Company strategy updates will be shared tomorrow. note ASAP update review update,Management
Your password has been reset successfully. important schedule review important review,IT Support
Please review the project plan and provide updates. note important ASAP ASAP review,Internal
Team meeting scheduled for Friday at 10 AM. update Please update update note,Internal
Thank you for reaching out. We have received your query. ASAP note schedule note Please,Customer
Thank you for reaching out. We have received your query. schedule review ASAP review Please,Customer
Please submit your leave application by the end of the week. review update review review important,HR
Team meeting scheduled for Friday at 10 AM. Please update review Please review,Internal
Please review the project plan and provide updates. update schedule Please Please review,Internal
Please submit your leave application by the end of the week. note note ASAP note review,HR
The monthly expense report is due for submission. Please update schedule note update,Finance
Your order has been shipped and will arrive in 3-5 days. review schedule review update important,Customer
Reminder: Performance review forms are due tomorrow. schedule review schedule update schedule,HR
Contract renewal is due next week. important ASAP note review Please,Legal
Executive meeting scheduled for Thursday at 3 PM. update review note review Please,Management
Reminder: Performance review forms are due tomorrow. update note note Please Please,HR
Please review the marketing strategy for Q4. Please Please note update schedule,Marketing
Please review the budget allocation for Q4 and provide feedback. schedule ASAP important schedule update,Finance
Team meeting scheduled for Friday at 10 AM. Please review review update Please,Internal
Reminder: Performance review forms are due tomorrow. ASAP ASAP update review ASAP,HR
Please review the budget allocation for Q4 and provide feedback. schedule update update update note,Finance
The server maintenance will occur tonight from 11 PM to 2 AM. note important ASAP ASAP note,Internal
Thank you for reaching out. We have received your query. Please review review Please note,Customer
Your reimbursement request has been approved. review ASAP note note update,Finance
Contract renewal is due next week. ASAP important ASAP review Please,Legal
New privacy policy has been published. update Please schedule Please schedule,Legal
The server maintenance will occur tonight from 11 PM to 2 AM. Please review update review Please,Internal
The server maintenance will occur tonight from 11 PM to 2 AM. Please Please update update ASAP,Internal
Newsletter draft is ready for approval. ASAP note review ASAP important,Marketing
Your password has been reset successfully. schedule ASAP Please important review,IT Support
Please review the budget allocation for Q4 and provide feedback. note ASAP important review Please,Finance
Team meeting scheduled for Friday at 10 AM. important schedule Please important ASAP,Internal
Please update your software to the latest version. ASAP Please important note schedule,IT Support
Thank you for reaching out. We have received your query. ASAP schedule ASAP note important,Customer
Reminder: Performance review forms are due tomorrow. review ASAP note review note,HR
The monthly expense report is due for submission. schedule important update ASAP note,Finance
Your reimbursement request has been approved. note schedule schedule important important,Finance
Please review the marketing strategy for Q4. update update update Please schedule,Marketing
Please update your software to the latest version. note important important note schedule,IT Support
New social media campaign starts next Monday. schedule Please note Please schedule,Marketing
Please submit your leave application by the end of the week. important note important Please update,HR
Please update your software to the latest version. note note schedule note note,IT Support
Scheduled server maintenance tonight from 12 AM to 2 AM. update review important note Please,IT Support
Company strategy updates will be shared tomorrow. Please Please ASAP ASAP note,Management
New privacy policy has been published. Please Please schedule note note,Legal
The server maintenance will occur tonight from 11 PM to 2 AM. schedule important review review ASAP,Internal
The monthly expense report is due for submission. important note important Please ASAP,Finance
Scheduled server maintenance tonight from 12 AM to 2 AM. Please note ASAP note update,IT Support
Your order has been shipped and will arrive in 3-5 days. review update note review Please,Customer
Please submit your leave application by the end of the week. review Please review ASAP Please,HR
Team meeting scheduled for Friday at 10 AM. review note schedule note important,Internal
Please update your software to the latest version. schedule important review Please note,IT Support
Thank you for reaching out. We have received your query. update note update schedule note,Customer
Reminder: Performance review forms are due tomorrow. Please review note Please important,HR
Newsletter draft is ready for approval. note important update update note,Marketing
Executive meeting scheduled for Thursday at 3 PM. schedule schedule update review ASAP,Management
Contract renewal is due next week. update ASAP review update ASAP,Legal
Your reimbursement request has been approved. review schedule important schedule Please,Finance
HR will conduct a training session on workplace ethics next Monday. important schedule schedule ASAP ASAP,HR
Reminder: Performance review forms are due tomorrow. schedule update review important ASAP,HR
Your order has been shipped and will arrive in 3-5 days. update ASAP update Please update,Customer
Scheduled server maintenance tonight from 12 AM to 2 AM. Please schedule update schedule review,IT Support
We apologize for the inconvenience caused. Please find the solution attached. review review important schedule note,Customer
Please review the marketing strategy for Q4. review Please note review ASAP,Marketing
New social media campaign starts next Monday. ASAP update Please important important,Marketing
Team meeting scheduled for Friday at 10 AM. update ASAP note ASAP ASAP,Internal
The server maintenance will occur tonight from 11 PM to 2 AM. ASAP Please update important important,Internal
Please review the marketing strategy for Q4. note important important note schedule,Marketing
Please approve the project budget by end of day. schedule review update note schedule,Management
Please submit your leave application by the end of the week. update update Please Please Please,HR
HR will conduct a training session on workplace ethics next Monday. review review important important review,HR
Newsletter draft is ready for approval. important ASAP important update note,Marketing
Please review the project plan and provide updates. update note review schedule Please,Internal
Your order has been shipped and will arrive in 3-5 days. schedule Please review review update,Customer
Please review the project plan and provide updates. ASAP note update Please note,Internal
HR will conduct a training session on workplace ethics next Monday. note ASAP update Please ASAP,HR
Scheduled server maintenance tonight from 12 AM to 2 AM. important schedule review important ASAP,IT Support
The monthly expense report is due for submission. important ASAP update review ASAP,Finance
Newsletter draft is ready for approval. note review note Please review,Marketing
Team meeting scheduled for Friday at 10 AM. Please review review update schedule,Internal
Company strategy updates will be shared tomorrow. ASAP schedule schedule schedule review,Management
Please review the updated compliance guidelines. review Please schedule note ASAP,Legal
Please update your software to the latest version. schedule ASAP note update Please,IT Support
We apologize for the inconvenience caused. Please find the solution attached. ASAP ASAP update ASAP update,Customer
Please update your software to the latest version. ASAP update Please update ASAP,IT Support
Team meeting scheduled for Friday at 10 AM. Please update Please important ASAP,Internal
Please review the project plan and provide updates. ASAP ASAP schedule schedule schedule,Internal
Please review the marketing strategy for Q4. review important ASAP Please update,Marketing
HR will conduct a training session on workplace ethics next Monday. note review important ASAP Please,HR
Your order has been shipped and will arrive in 3-5 days. update update Please review important,Customer
Please review the updated compliance guidelines. note note update review important,Legal
Thank you for reaching out. We have received your query. important update ASAP ASAP ASAP,Customer
New social media campaign starts next Monday. update review important ASAP schedule,Marketing
HR will conduct a training session on workplace ethics next Monday. note note note important schedule,HR
Please submit your leave application by the end of the week. important Please note update update,HR
Your reimbursement request has been approved. Please schedule note review note,Finance
The server maintenance will occur tonight from 11 PM to 2 AM. update review update review ASAP,Internal
HR will conduct a training session on workplace ethics next Monday. review note schedule update schedule,HR
Executive meeting scheduled for Thursday at 3 PM. note note Please Please update,Management
Please review the marketing strategy for Q4. note note schedule note update,Marketing
Your reimbursement request has been approved. Please update important ASAP schedule,Finance
Newsletter draft is ready for approval. review Please Please Please ASAP,Marketing
Please review the marketing strategy for Q4. note note schedule Please schedule,Marketing
Thank you for reaching out. We have received your query. note ASAP update important update,Customer
Executive meeting scheduled for Thursday at 3 PM. ASAP important review ASAP important,Management
The monthly expense report is due for submission. important important review review update,Finance
Contract renewal is due next week. Please review important schedule ASAP,Legal
Newsletter draft is ready for approval. review update ASAP review ASAP,Marketing
The server maintenance will occur tonight from 11 PM to 2 AM. review update Please Please note,Internal
Please review the marketing strategy for Q4. review ASAP schedule update schedule,Marketing
Contract renewal is due next week. note ASAP schedule schedule update,Legal
Thank you for reaching out. We have received your query. update important schedule important ASAP,Customer
New privacy policy has been published. update review important update Please,Legal
The server maintenance will occur tonight from 11 PM to 2 AM. review Please important schedule review,Internal
New social media campaign starts next Monday. Please update ASAP important important,Marketing
Contract renewal is due next week. update important ASAP review Please,Legal
Company strategy updates will be shared tomorrow. review ASAP update update ASAP,Management
Your reimbursement request has been approved. note schedule Please note Please,Finance
The server maintenance will occur tonight from 11 PM to 2 AM. schedule important ASAP review Please,Internal
HR will conduct a training session on workplace ethics next Monday. important important important important schedule,HR
Newsletter draft is ready for approval. note review Please Please schedule,Marketing
The monthly expense report is due for submission. review note ASAP review schedule,Finance
Reminder: Performance review forms are due tomorrow. ASAP important important schedule schedule,HR
Thank you for reaching out. We have received your query. ASAP review ASAP Please update,Customer
Newsletter draft is ready for approval. update note schedule ASAP update,Marketing
The server maintenance will occur tonight from 11 PM to 2 AM. review important important schedule ASAP,Internal
Please review the budget allocation for Q4 and provide feedback. ASAP ASAP review ASAP note,Finance
Contract renewal is due next week. ASAP ASAP note note ASAP,Legal
New privacy policy has been published. schedule ASAP ASAP note review,Legal
Please review the budget allocation for Q4 and provide feedback. note Please Please Please update,Finance
Contract renewal is due next week. important update schedule important review,Legal
Please approve the project budget by end of day. review schedule review review important,Management
The monthly expense report is due for submission. update schedule note schedule review,Finance
The server maintenance will occur tonight from 11 PM to 2 AM. schedule important important update schedule,Internal
Your password has been reset successfully. update ASAP Please update schedule,IT Support
Your order has been shipped and will arrive in 3-5 days. schedule review important note update,Customer
Team meeting scheduled for Friday at 10 AM. ASAP review schedule review important,Internal
Newsletter draft is ready for approval. review schedule review note review,Marketing
Newsletter draft is ready for approval. ASAP note schedule review update,Marketing
Your reimbursement request has been approved. review ASAP note schedule schedule,Finance
Newsletter draft is ready for approval. note review Please update schedule,Marketing
New social media campaign starts next Monday. review Please update ASAP update,Marketing
Newsletter draft is ready for approval. update review schedule schedule Please,Marketing
Please review the updated compliance guidelines. ASAP note ASAP update schedule,Legal
Newsletter draft is ready for approval. important ASAP important schedule important,Marketing
We apologize for the inconvenience caused. Please find the solution attached. ASAP important update review review,Customer
Reminder: Performance review forms are due tomorrow. Please ASAP review note review,HR
Please approve the project budget by end of day. note review schedule note ASAP,Management
We apologize for the inconvenience caused. Please find the solution attached. review schedule ASAP Please Please,Customer
Your order has been shipped and will arrive in 3-5 days. update important review review Please,Customer
Scheduled server maintenance tonight from 12 AM to 2 AM. review note important important important,IT Support
Team meeting scheduled for Friday at 10 AM. important important important schedule ASAP,Internal
Please review the updated compliance guidelines. update update ASAP important Please,Legal
Please submit your leave application by the end of the week. note update review note update,HR
Please update your software to the latest version. Please schedule note schedule update,IT Support
Executive meeting scheduled for Thursday at 3 PM. update note review important note,Management
Please review the project plan and provide updates. note review ASAP update important,Internal
Please review the budget allocation for Q4 and provide feedback. schedule Please note important ASAP,Finance
Your reimbursement request has been approved. update Please review important ASAP,Finance
Executive meeting scheduled for Thursday at 3 PM. ASAP Please schedule ASAP important,Management
New privacy policy has been published. ASAP note important ASAP ASAP,Legal
Reminder: Performance review forms are due tomorrow. ASAP review update important update,HR
Newsletter draft is ready for approval. review review important review important,Marketing
Newsletter draft is ready for approval. review update note important update,Marketing
Team meeting scheduled for Friday at 10 AM. important Please note Please Please,Internal
Please submit your leave application by the end of the week. schedule note review Please review,HR
The server maintenance will occur tonight from 11 PM to 2 AM. ASAP schedule update note ASAP,Internal
Please update your software to the latest version. Please note schedule Please note,IT Support
Your password has been reset successfully. schedule update ASAP note update,IT Support
New social media campaign starts next Monday. Please Please important important review,Marketing
Executive meeting scheduled for Thursday at 3 PM. schedule update Please update Please,Management
HR will conduct a training session on workplace ethics next Monday. note Please Please update ASAP,HR
Contract renewal is due next week. schedule review important ASAP note,Legal
Contract renewal is due next week. ASAP note Please review review,Legal
Reminder: Performance review forms are due tomorrow. schedule Please update schedule Please,HR
The server maintenance will occur tonight from 11 PM to 2 AM. note review Please review note,Internal
The server maintenance will occur tonight from 11 PM to 2 AM. ASAP Please review note note,Internal
Please review the project plan and provide updates. update ASAP ASAP note Please,Internal
New social media campaign starts next Monday. important note note review ASAP,Marketing
Please review the project plan and provide updates. schedule schedule schedule Please update,Internal
Please review the updated compliance guidelines. Please note update schedule Please,Legal
Please review the updated compliance guidelines. update ASAP Please update schedule,Legal
Executive meeting scheduled for Thursday at 3 PM. ASAP note review important important,Management
New privacy policy has been published. Please review Please schedule Please,Legal
We apologize for the inconvenience caused. Please find the solution attached. schedule review review ASAP schedule,Customer
Please review the marketing strategy for Q4. note schedule ASAP review schedule,Marketing
Scheduled server maintenance tonight from 12 AM to 2 AM. ASAP Please note Please schedule,IT Support
Your order has been shipped and will arrive in 3-5 days. Please schedule ASAP review important,Customer
Newsletter draft is ready for approval. important note Please review note,Marketing
Please submit your leave application by the end of the week. important update schedule review Please,HR
Team meeting scheduled for Friday at 10 AM. ASAP note update note note,Internal
Newsletter draft is ready for approval. review important note schedule Please,Marketing
The server maintenance will occur tonight from 11 PM to 2 AM. important schedule update important important,Internal
Please submit your leave application by the end of the week. review note ASAP ASAP important,HR
The server maintenance will occur tonight from 11 PM to 2 AM. schedule update review note ASAP,Internal
New social media campaign starts next Monday. important update important update update,Marketing
Please approve the project budget by end of day. note Please important review important,Management
New privacy policy has been published. note update ASAP schedule note,Legal
Please review the marketing strategy for Q4. ASAP Please review ASAP note,Marketing
Team meeting scheduled for Friday at 10 AM. note ASAP note important update,Internal
Reminder: Performance review forms are due tomorrow. review ASAP review schedule review,HR
Team meeting scheduled for Friday at 10 AM. important schedule schedule review ASAP,Internal
Contract renewal is due next week. schedule update important update Please,Legal
We apologize for the inconvenience caused. Please find the solution attached. important Please note review schedule,Customer
Company strategy updates will be shared tomorrow. note Please important Please update,Management
The monthly expense report is due for submission. schedule important schedule note schedule,Finance
Reminder: Performance review forms are due tomorrow. important schedule review note important,HR
HR will conduct a training session on workplace ethics next Monday. ASAP ASAP update update Please,HR
We apologize for the inconvenience caused. Please find the solution attached. update note schedule note important,Customer
Your password has been reset successfully. Please note Please schedule note,IT Support
Please review the project plan and provide updates. schedule ASAP Please review ASAP,Internal
Executive meeting scheduled for Thursday at 3 PM. schedule schedule review ASAP schedule,Management
Company strategy updates will be shared tomorrow. ASAP Please review note update,Management
Reminder: Performance review forms are due tomorrow. review update Please important note,HR
Your order has been shipped and will arrive in 3-5 days. important Please schedule important note,Customer
We apologize for the inconvenience caused. Please find the solution attached. schedule Please review important schedule,Customer
Please review the project plan and provide updates. update schedule schedule note note,Internal
Please review the updated compliance guidelines. update important review review review,Legal
We apologize for the inconvenience caused. Please find the solution attached. Please important ASAP note ASAP,Customer
HR will conduct a training session on workplace ethics next Monday. ASAP important update important note,HR
Company strategy updates will be shared tomorrow. review Please update note important,Management
The monthly expense report is due for submission. update Please review note Please,Finance
Your reimbursement request has been approved. ASAP update schedule ASAP ASAP,Finance
Please review the updated compliance guidelines. Please review important Please update,Legal
Thank you for reaching out. We have received your query. important review important important ASAP,Customer
Please review the project plan and provide updates. review schedule note Please Please,Internal
Please review the budget allocation for Q4 and provide feedback. schedule important Please important Please,Finance
Team meeting scheduled for Friday at 10 AM. important update review schedule important,Internal
Thank you for reaching out. We have received your query. Please important ASAP ASAP schedule,Customer
Executive meeting scheduled for Thursday at 3 PM. update review update update ASAP,Management
The monthly expense report is due for submission. note note ASAP schedule review,Finance
Please submit your leave application by the end of the week. important ASAP note review Please,HR
HR will conduct a training session on workplace ethics next Monday. update important note note review,HR
New social media campaign starts next Monday. update ASAP update Please note,Marketing
New social media campaign starts next Monday. ASAP note review schedule update,Marketing
Your reimbursement request has been approved. ASAP ASAP schedule Please review,Finance
Executive meeting scheduled for Thursday at 3 PM. note important schedule note Please,Management
Executive meeting scheduled for Thursday at 3 PM. ASAP update update ASAP schedule,Management
Team meeting scheduled for Friday at 10 AM. ASAP update note Please important,Internal
Please review the marketing strategy for Q4. Please important review schedule important,Marketing
New social media campaign starts next Monday. review Please schedule review note,Marketing
The server maintenance will occur tonight from 11 PM to 2 AM. important update note update important,Internal
Scheduled server maintenance tonight from 12 AM to 2 AM. schedule Please schedule note Please,IT Support
New privacy policy has been published. schedule ASAP Please ASAP Please,Legal
The monthly expense report is due for submission. review Please update important review,Finance
Thank you for reaching out. We have received your query. ASAP ASAP Please update ASAP,Customer
Please review the updated compliance guidelines. note Please Please update ASAP,Legal
Scheduled server maintenance tonight from 12 AM to 2 AM. schedule ASAP ASAP Please important,IT Support
Please review the updated compliance guidelines. Please Please review note review,Legal
We apologize for the inconvenience caused. Please find the solution attached. Please important ASAP Please review,Customer
Scheduled server maintenance tonight from 12 AM to 2 AM. review Please ASAP review note,IT Support
Your password has been reset successfully. schedule note schedule note schedule,IT Support
Please update your software to the latest version. note review ASAP important ASAP,IT Support
Scheduled server maintenance tonight from 12 AM to 2 AM. ASAP review Please note update,IT Support
Newsletter draft is ready for approval. note Please note update note,Marketing
The server maintenance will occur tonight from 11 PM to 2 AM. ASAP ASAP review ASAP review,Internal
Team meeting scheduled for Friday at 10 AM. review important review review note,Internal
Company strategy updates will be shared tomorrow. ASAP review important update Please,Management
Thank you for reaching out. We have received your query. note note note ASAP ASAP,Customer
Please review the project plan and provide updates. schedule update review important Please,Internal
Your password has been reset successfully. note Please note schedule Please,IT Support
The server maintenance will occur tonight from 11 PM to 2 AM. important ASAP review review Please,Internal
Contract renewal is due next week. Please update review important important,Legal
Your reimbursement request has been approved. ASAP note review schedule update,Finance
The server maintenance will occur tonight from 11 PM to 2 AM. ASAP important important update note,Internal
The server maintenance will occur tonight from 11 PM to 2 AM. ASAP important note Please update,Internal
The server maintenance will occur tonight from 11 PM to 2 AM. note update note note ASAP,Internal
Thank you for reaching out. We have received your query. note schedule schedule update Please,Customer
HR will conduct a training session on workplace ethics next Monday. note Please note ASAP ASAP,HR
Please approve the project budget by end of day. review ASAP Please Please ASAP,Management
Please submit your leave application by the end of the week. schedule important schedule review review,HR
Please approve the project budget by end of day. ASAP Please update update update,Management
Thank you for reaching out. We have received your query. schedule ASAP review ASAP Please,Customer
The monthly expense report is due for submission. important important note review update,Finance
Please approve the project budget by end of day. important review note review update,Management
We apologize for the inconvenience caused. Please find the solution attached. Please review update review update,Customer
Please review the budget allocation for Q4 and provide feedback. note important review update review,Finance
Please approve the project budget by end of day. update schedule important schedule important,Management
Company strategy updates will be shared tomorrow. important schedule ASAP important review,Management
The monthly expense report is due for submission. important note Please update note,Finance
Newsletter draft is ready for approval. update update review note update,Marketing
